BEGIN TRANSACTION;
CREATE TABLE IF NOT EXISTS `transformers_types` (
	`_id`	INTEGER NOT NULL PRIMARY KEY AUTOINCREMENT UNIQUE,
	`type`	NUMERIC NOT NULL
);
INSERT INTO `transformers_types` (_id,type) VALUES (1,'тока до 1000В'),
 (2,'тока выше 1000В'),
 (3,'напряжения до 1000В'),
 (4,'напряжения выше 1000В');
CREATE TABLE IF NOT EXISTS `transformers` (
	`_id`	INTEGER NOT NULL DEFAULT 1 PRIMARY KEY AUTOINCREMENT UNIQUE,
	`name`	TEXT NOT NULL,
	`transformers_types_id`	INTEGER NOT NULL DEFAULT 1,
	`ratio`	TEXT NOT NULL,
	`next_verification`	TEXT,
	`nomber`	TEXT NOT NULL,
	`placement`	TEXT DEFAULT 'Не установлено',
	`LPS_id`	INTEGER DEFAULT 1,
	FOREIGN KEY(`LPS_id`) REFERENCES `LPS`(`_id`),
	FOREIGN KEY(`transformers_types_id`) REFERENCES `transformers_types`(`_id`) ON DELETE CASCADE
);
INSERT INTO `transformers` (_id,name,transformers_types_id,ratio,next_verification,nomber,placement,LPS_id) VALUES (1,'ТПЛ-10',2,'100/5','2018-07-20','13467','яч. №8',1),
 (2,'ТПЛ-10',2,'100/5','2018-07-20','13464','яч. №8',1),
 (3,'ТПЛ-10',2,'100/5','2018-07-20','13465','яч. №8',1),
 (4,'ТПЛ-10',2,'100/5','2018-07-20','13463','яч. №5',1),
 (5,'ТПЛ-10',2,'100/5','2018-07-20','3213','яч. №7',3),
 (6,'ТПЛ-10',2,'100/5','2018-07-20','651841','яч. №7',3),
 (7,'ТПЛ-10',2,'100/5','2018-07-20','651684','яч. №7',3),
 (8,'ТПЛ-10',2,'100/5','2018-07-20','984984','яч. №2',3),
 (9,'ТПЛ-10',2,'100/5','2018-07-20','6516','яч. №2',3),
 (10,'ТПЛ-10',2,'100/5','2018-07-20','656516','яч. №2',3),
 (11,'Топ-0.66',1,'100/5','2018-12-10','7575','РУ 0,4 кВ',1),
 (12,'Топ-0.66',1,'100/5','2018-12-10','24284','РУ 0,4 кВ',1),
 (13,'Топ-0.66',1,'100/5','2018-12-10','65165','РУ 0,4 кВ',1),
 (14,'Топ-0.66',3,'100/5','2018-12-10','56489','РУ 0,4 кВ',3),
 (15,'Топ-0.66',3,'100/5','2018-12-10','9848','РУ 0,4 кВ',3),
 (16,'Топ-0.66',3,'50/5','2018-12-10','9849','РУ 0,4 кВ',3),
 (17,'ТПЛ-10',1,'75/5','2018-07-20','457986','яч. №7',4),
 (18,'ТПЛ-10',1,'75/5','2018-07-20','457956','яч. №7',4),
 (19,'ТПЛ-10',1,'75/5','2018-07-20','487956','яч. №7',4),
 (20,'ТПЛ-10',1,'75/5','2018-07-20','578964','яч. №8',4),
 (21,'ТПЛ-10',1,'75/5','2018-07-20','578946','яч. №8',4),
 (22,'ТПЛ-10',1,'75/5','2018-07-20','578946','яч. №8',4),
 (23,'Топ-0.66',1,'100/5','2018-12-10','7575','РУ 0,4 кВ',4),
 (24,'Топ-0.66',1,'100/5','2018-12-10','24284','РУ 0,4 кВ',4),
 (25,'Топ-0.66',1,'100/5','2018-12-10','65165','РУ 0,4 кВ',4),
 (26,' НТМИ-10',1,'10/0,4','2018-12-10','654987','яч. №10',4),
 (27,' НТМИ-10',1,'10/0,4','2018-12-10','654988','яч. №11',4),
 (28,'ТПЛ-10',1,'75/5','2018-07-20','457986','яч. №7',5),
 (29,'ТПЛ-10',1,'75/5','2018-07-20','457956','яч. №7',5),
 (30,'ТПЛ-10',1,'75/5','2018-07-20','487956','яч. №7',5),
 (31,'ТПЛ-10',1,'75/5','2018-07-20','578964','яч. №8',5),
 (32,'ТПЛ-10',1,'75/5','2018-07-20','578946','яч. №8',5),
 (33,'ТПЛ-10',1,'75/5','2018-07-20','578946','яч. №8',5),
 (34,'Топ-0.66',1,'100/5','2018-12-10','7575','РУ 0,4 кВ',5),
 (35,'Топ-0.66',1,'100/5','2018-12-10','24284','РУ 0,4 кВ',5),
 (36,'Топ-0.66',1,'100/5','2018-12-10','65165','РУ 0,4 кВ',5),
 (37,' НТМИ-10',1,'10/0,4','2018-12-10','654987','яч. №10',5),
 (38,' НТМИ-10',1,'10/0,4','2018-12-10','654988','яч. №11',5),
 (39,'ТПЛ-10',1,'75/5','2018-07-20','457986','яч. №7',6),
 (40,'ТПЛ-10',1,'75/5','2018-07-20','457956','яч. №7',6),
 (41,'ТПЛ-10',1,'75/5','2018-07-20','487956','яч. №7',6),
 (42,'ТПЛ-10',1,'75/5','2018-07-20','578964','яч. №8',6),
 (43,'ТПЛ-10',1,'75/5','2018-07-20','578946','яч. №8',6),
 (44,'ТПЛ-10',1,'75/5','2018-07-20','578946','яч. №8',6),
 (45,'Топ-0.66',1,'100/5','2018-12-10','7575','РУ 0,4 кВ',6),
 (46,'Топ-0.66',1,'100/5','2018-12-10','24284','РУ 0,4 кВ',6),
 (47,'Топ-0.66',1,'100/5','2018-12-10','65165','РУ 0,4 кВ',6),
 (48,' НТМИ-10',1,'10/0,4','2018-12-10','654987','яч. №10',6),
 (49,' НТМИ-10',1,'10/0,4','2018-12-10','654988','яч. №11',6),
 (50,'ТПЛ-10',1,'75/5','2018-07-20','457986','яч. №7',17),
 (51,'ТПЛ-10',1,'75/5','2018-08-20','457956','яч. №7',17),
 (52,'ТПЛ-10',1,'75/5','2018-08-20','487956','яч. №7',17),
 (53,'ТПЛ-10',1,'75/5','2018-08-20','578964','яч. №8',17),
 (54,'ТПЛ-10',1,'75/5','2018-08-20','578946','яч. №8',17),
 (55,'ТПЛ-10',1,'75/5','2018-08-20','578946','яч. №8',17),
 (56,'Топ-0.66',1,'100/5','2018-08-20','7575','РУ 0,4 кВ',17),
 (57,'Топ-0.66',1,'100/5','2018-08-20','24284','РУ 0,4 кВ',17),
 (58,'Топ-0.66',1,'100/5','2018-08-20','65165','РУ 0,4 кВ',17),
 (59,' НТМИ-10',1,'10/0,4','2018-08-20','654987','яч. №10',17),
 (60,' НТМИ-10',1,'10/0,4','2018-08-20','654988','яч. №11',17);
CREATE TABLE IF NOT EXISTS `tools` (
	`_id`	INTEGER NOT NULL PRIMARY KEY AUTOINCREMENT UNIQUE,
	`name`	TEXT NOT NULL,
	`stock_number`	TEXT DEFAULT 'Отсутствует',
	`next_verification`	TEXT,
	`LPS_id`	INTEGER DEFAULT 1
);
INSERT INTO `tools` (_id,name,stock_number,next_verification,LPS_id) VALUES (1,'УВН-10','1358','2018-12-30',1),
 (2,'УВН-10','1212','2018-12-30',2),
 (3,'УВН-10','789789','2018-12-30',3),
 (4,'УВН-10','456456','2018-12-30',4),
 (5,'УВН-10','174747','2018-12-30',5),
 (6,'УВН-10','27896','2018-12-30',6),
 (7,'УВН-10','78288','2018-12-30',7),
 (8,'УВН-10','178278','2018-12-30',8),
 (9,'УВН-10','178254','2018-12-30',9),
 (10,'УВН-10','18782','2018-12-30',10),
 (11,'УВН-10','78278','2018-12-30',11),
 (12,'УВН-10','4545','2018-12-30',12),
 (13,'Эл. излол перчатки','Отсутствует','2018-10-30',1),
 (14,'Эл. излол перчатки','Отсутствует','2018-10-30',2),
 (15,'Эл. излол перчатки','Отсутствует','2018-10-30',3),
 (16,'Эл. излол перчатки','Отсутствует','2018-10-30',4),
 (17,'Эл. излол перчатки','Отсутствует','2018-10-30',5),
 (18,'Эл. излол перчатки','Отсутствует','2018-10-30',6),
 (19,'Эл. излол перчатки','Отсутствует','2018-12-30',7),
 (20,'Эл. излол перчатки','Отсутствует','2018-12-30',8),
 (21,'Эл. излол перчатки','Отсутствует','2018-12-30',9),
 (22,'Эл. излол перчатки','Отсутствует','2018-12-30',10),
 (23,'Эл. излол перчатки','Отсутствует','2018-12-30',11),
 (24,'Эл. изол. штанга','Отсутствует','2018-10-30',1),
 (25,'Эл. изол. штанга','Отсутствует','2018-10-30',2),
 (26,'Эл. изол. штанга','Отсутствует','2018-10-30',3),
 (27,'Эл. изол. штанга','Отсутствует','2018-10-30',4),
 (28,'Эл. изол. штанга','Отсутствует','2018-10-30',5),
 (29,'Эл. изол. штанга','Отсутствует','2018-10-30',6),
 (30,'Эл. изол. штанга','Отсутствует','2018-12-30',7),
 (31,'Эл. изол. штанга','Отсутствует','2018-12-30',8),
 (32,'Эл. изол. штанга','Отсутствует','2018-12-30',9),
 (33,'Эл. изол. боты','Отсутствует','2018-12-30',1),
 (34,'Эл. изол. боты','Отсутствует','2018-12-30',2),
 (35,'Эл. изол. боты','Отсутствует','2018-12-30',3),
 (36,'Эл. изол. боты','Отсутствует','2018-12-30',4),
 (37,'Эл. изол. боты','Отсутствует','2018-12-30',5),
 (38,'Эл. изол. боты','Отсутствует','2018-12-30',6),
 (39,'Эл. изол. боты','Отсутствует','2018-12-30',7),
 (40,'Эл. изол. боты','Отсутствует','2018-12-30',8),
 (41,'Эл. изол. боты','Отсутствует','2018-12-30',9),
 (42,'Эл. изол. боты','Отсутствует','2018-12-30',10),
 (43,'Эл. изол. боты','Отсутствует','2018-12-30',11),
 (44,'Эл. изол. боты','Отсутствует','2018-10-30',12),
 (45,'Эл. изол. клещи','Отсутствует','2018-10-30',5),
 (46,'Эл. изол. клещи','Отсутствует','2019-01-20',2),
 (47,'Эл. изол. клещи','Отсутствует','2019-01-20',4);
CREATE TABLE IF NOT EXISTS `human_resources` (
	`_id`	INTEGER NOT NULL PRIMARY KEY AUTOINCREMENT UNIQUE,
	`name`	TEXT NOT NULL,
	`surname`	TEXT NOT NULL,
	`patronymic`	TEXT DEFAULT 'No',
	`birthday`	TEXT NOT NULL,
	`timecard`	INTEGER NOT NULL,
	`home_phone`	INTEGER DEFAULT 'No',
	`mobile_phone1`	INTEGER DEFAULT 'No',
	`mobile_phone2`	INTEGER DEFAULT 'No'
);
INSERT INTO `human_resources` (_id,name,surname,patronymic,birthday,timecard,home_phone,mobile_phone1,mobile_phone2) VALUES (1,'Артём','Кротов','Сергеевич','1992-02-16',2559,605938,375293798388,'Нет'),
 (2,'Денис','Холдеенко','Иванович','1983-05-14',2256,'No',375291405915,'No'),
 (3,'Денис','Холщенков','Владимирович','1988-05-05',2568,'No',375291080175,'No'),
 (4,'Артём','Войлошников','Владимировчи','1990-04-11',2256,335699,375297895412,375255688785),
 (5,'Сергей','Звеньев','Игоревич','1969-05-05',2889,605878,375298874512,'No'),
 (6,'Юрий','Камков','Анатольевич','1985-02-13',2255,335874,375298874517,375258877517),
 (7,'Елена','Драгунова','Витальевна','1985-05-03',2257,448798,375291180175,'No'),
 (8,'Светлана','Шамкина','Григорьевна','1978-10-28',2489,'No',375293894552,'No'),
 (9,'Леонид','Лапкин','Александрович','1991-11-06',2278,'No',375297951712,'No'),
 (10,'Викентий','Проклов','Семенович','1965-12-05',2541,338945,375293884256,'No');
CREATE TABLE IF NOT EXISTS `history_hardware` (
	`_id`	INTEGER NOT NULL PRIMARY KEY AUTOINCREMENT UNIQUE,
	`hardware_id`	INTEGER NOT NULL DEFAULT 1,
	`date_maintenance`	TEXT NOT NULL,
	`person`	INTEGER NOT NULL DEFAULT 1,
	FOREIGN KEY(`person`) REFERENCES `human_resources`(`_id`)
);
INSERT INTO `history_hardware` (_id,hardware_id,date_maintenance,person) VALUES (1,1,'2018-03-20',1),
 (2,15,'2018-05-30',3),
 (3,4,'2018-03-15',2),
 (4,14,'2018-04-15',3),
 (5,8,'2018-06-15',1),
 (8,10,'2018-01-15',3),
 (9,7,'2018-04-10',2),
 (10,6,'2018-05-15',1),
 (11,7,'2018-05-15',1),
 (12,8,'2018-05-15',1),
 (13,9,'2018-05-15',1),
 (14,10,'2018-05-15',1),
 (15,11,'2018-05-17',3),
 (16,12,'2018-05-18',4),
 (17,13,'2018-05-19',4),
 (18,6,'2018-06-11',3),
 (19,7,'2018-06-11',3),
 (20,8,'2018-06-11',3),
 (21,9,'2018-06-11',3),
 (22,10,'2018-06-11',3),
 (23,1,'2018-06-13',1),
 (24,1,'2018-06-13',1);
CREATE TABLE IF NOT EXISTS `hardware` (
	`_id`	INTEGER NOT NULL PRIMARY KEY AUTOINCREMENT UNIQUE,
	`name`	TEXT NOT NULL,
	`plan_date_maintest`	TEXT,
	`LPS_id`	INTEGER NOT NULL DEFAULT 1,
	FOREIGN KEY(`LPS_id`) REFERENCES `LPS`(`_id`)
);
INSERT INTO `hardware` (_id,name,plan_date_maintest,LPS_id) VALUES (1,'Шина +600','2018-10-15',1),
 (2,'Шина +600','2018-08-15',2),
 (3,'Шина +600','2018-07-15',3),
 (4,'Шина +600','2018-06-15',4),
 (5,'Шина +600','2018-11-17',5),
 (6,'Фидерной автомат №1 (АБ2/4)','2018-06-30',1),
 (7,'Фидерной автомат №2 (АБ2/4)','2018-06-30',1),
 (8,'Фидерной автомат №3 (АБ2/4)','2018-06-30',1),
 (9,'Фидерной автомат №4 (АБ2/4)','2018-06-30',1),
 (10,'ШСА','2018-06-30',1),
 (11,'ВАКЛЕ №1','2018-07-30',1),
 (12,'ВАКЛЕ №2','2018-07-30',1),
 (13,'ВАКЛЕ №3','2018-07-30',1),
 (14,'Шины 10 кВ','2018-07-30',1),
 (15,'Фидерной автомат №1','2018-06-30',2),
 (16,'Фидерной автомат №2','2018-06-30',2),
 (17,'Фидерной автомат №3','2018-06-30',2),
 (18,'Фидерной автомат №4','2018-06-30',2),
 (19,'ВТПЕД №1','2018-08-30',2),
 (20,'ВТПЕД №2','2018-08-30',2),
 (21,'ВТПЕД №3','2018-08-30',2),
 (22,'Шины 10 кВ','2018-08-30',2),
 (23,'''Шина +600''','2018-07-02',6),
 (24,'Фидерной автомат №1 ','2018-07-02',6),
 (25,'Фидерной автомат №2','2018-07-02',6),
 (26,'Фидерной автомат №3','2018-07-02',6),
 (27,'Фидерной автомат №4','2018-07-02',6),
 (28,'Фидерной автомат №5','2018-07-02',6),
 (29,'ШСА','2018-07-02',6),
 (30,'Шины 10 кВ','2018-07-04',7),
 (31,'''Шина +600''','2018-07-04',7),
 (32,'Фидерной автомат №1 ','2018-07-04',7),
 (33,'Фидерной автомат №2','2018-07-04',7),
 (34,'Фидерной автомат №3','2018-07-04',7),
 (35,'Фидерной автомат №4','2018-07-04',7),
 (36,'Фидерной автомат №5','2018-07-04',7),
 (37,'ШСА','2018-07-04',7),
 (38,'ВАКЛЕ №1','2018-07-14',7),
 (39,'ВАКЛЕ №2','2018-07-15',7),
 (40,'ВАКЛЕ №3','2018-07-16',7),
 (41,'Шины 10 кВ','2018-08-04',8),
 (42,'''Шина +600''','2018-08-05',8),
 (43,'Фидерной автомат №1 ','2018-08-07',8),
 (44,'Фидерной автомат №2','2018-08-07',8),
 (45,'Фидерной автомат №3','2018-08-07',8),
 (46,'Фидерной автомат №4','2018-08-07',8),
 (47,'Фидерной автомат №5','2018-08-07',8),
 (48,'ШСА','2018-08-09',8),
 (49,'ВАКЛЕ №1','2018-08-10',8),
 (50,'ВАКЛЕ №2','2018-08-12',8),
 (51,'ВАКЛЕ №3','2018-08-14',8),
 (52,'Фидерной автомат №1 ','2018-08-01',9),
 (53,'Фидерной автомат №2','2018-08-01',9),
 (54,'Фидерной автомат №3','2018-08-02',9),
 (55,'Фидерной автомат №4','2018-08-03',9),
 (56,'Фидерной автомат №5','2018-08-04',9),
 (57,'ШСА','2018-08-05',9),
 (58,'ВАКЛЕ №1','2018-10-10',9),
 (59,'ВАКЛЕ №2','2018-10-11',9),
 (60,'ВАКЛЕ №3','2018-10-12',9),
 (61,'ШУ-1','2018-10-10',9),
 (62,'ШУ-2','2018-10-11',9),
 (63,'ШУ-3','2018-10-12',9),
 (64,'Шины +600','2018-08-20',9),
 (65,'Шины 10 кВ','2018-08-25',9),
 (66,'Фидерной автомат №1 ','2018-08-01',10),
 (67,'Фидерной автомат №2','2018-08-26',10),
 (68,'Фидерной автомат №3','2018-08-27',10),
 (69,'Фидерной автомат №4','2018-08-28',10),
 (71,'ШСА','2018-08-28',10),
 (72,'ВАКЛЕ №1','2018-09-01',10),
 (73,'ВАКЛЕ №2','2018-09-02',10),
 (74,'ВАКЛЕ №3','2018-09-03',10),
 (75,'ШУ-1','2018-09-01',10),
 (76,'ШУ-2','2018-09-02',10),
 (77,'ШУ-3','2018-09-03',10),
 (78,'Шины +600','2018-09-20',10),
 (79,'Шины 10 кВ','2018-09-25',10),
 (80,'Фидерной автомат №1 ','2018-08-05',17),
 (81,'Фидерной автомат №2','2018-08-06',17),
 (82,'Фидерной автомат №3','2018-08-07',17),
 (83,'Фидерной автомат №4','2018-08-08',17),
 (84,'ШСА','2018-08-28',17),
 (85,'ВАКЛЕ №1','2018-09-01',17),
 (86,'ВАКЛЕ №2','2018-09-02',17),
 (87,'ВАКЛЕ №3','2018-09-03',17),
 (88,'ШУ-1','2018-09-01',17),
 (89,'ШУ-2','2018-09-02',17),
 (90,'ШУ-3','2018-09-03',17),
 (91,'Шины +600','2018-09-20',17),
 (92,'Шины 10 кВ','2018-09-25',17),
 (93,'Масляный выключатель агр. №1','2018-09-26',1),
 (94,'Масляный выключатель агр. №2','2018-09-27',1),
 (95,'Масляный выключатель агр. №3','2018-09-27',1);
CREATE TABLE IF NOT EXISTS `extinguishers` (
	`_id`	INTEGER NOT NULL PRIMARY KEY AUTOINCREMENT UNIQUE,
	`name`	TEXT NOT NULL,
	`stock_number`	TEXT NOT NULL,
	`verification`	TEXT,
	`next_verification`	TEXT,
	`LPS_id`	INTEGER,
	FOREIGN KEY(`LPS_id`) REFERENCES `LPS`(`_id`)
);
INSERT INTO `extinguishers` (_id,name,stock_number,verification,next_verification,LPS_id) VALUES (1,'ОУ-3','9849','2016-05-14
','2020-05-14',1),
 (2,'ОУ-3','8947','2016-08-15','2020-08-15',2),
 (3,'ОУ-10','2587','2015-02-15','2019-02-15',4),
 (4,'ОУ-5','9874','2015-02-15','2019-02-15',3),
 (5,'ОУ-5','3454','2016-05-14
','2019-02-15',10),
 (6,'ОУ-3','4144','2016-05-14
','2019-02-15',2),
 (7,'ОУ-3','1545','2016-05-14
','2019-02-15',5),
 (8,'ОУ-3','1457','2016-05-14
','2019-02-15',6),
 (9,'ОУ-3','7877','2014-05-14','2018-05-14',7),
 (10,'ОУ-5','8892','2015-02-15','2019-02-15',8),
 (11,'ОУ-5','2487','2015-02-15','2019-02-15',9),
 (12,'ОУ-5','1457','2015-02-15','2019-02-15',11),
 (13,'ОУ-5','1457','2015-02-15','2019-02-15',12),
 (14,'ОУ-3','9887','2016-05-14
','2019-02-15',13),
 (15,'ОУ-3','9213','2016-05-14
','2019-02-15',14),
 (16,'ОУ-5','9456','2015-02-15','2019-02-15',15),
 (17,'ОУ-5','9457','2015-02-15','2019-02-15',16),
 (18,'ОУ-5','9459','2015-02-15','2019-02-15',17);
CREATE TABLE IF NOT EXISTS `LPS` (
	`_id`	INTEGER NOT NULL PRIMARY KEY AUTOINCREMENT UNIQUE,
	`name`	TEXT NOT NULL,
	`address`	TEXT NOT NULL,
	`stock_number`	TEXT NOT NULL
);
INSERT INTO `LPS` (_id,name,address,stock_number) VALUES (1,'ЛТП-1','ул. Троллейбусная 1','350/С-56925'),
 (2,'ЛТП-2','ул. Советская 52а','350/С-56934'),
 (3,'ЛТП-3','ул. Фрунзе 4б','350/С-56930'),
 (4,'ЛТП-4','ул. Ярославская 48а','350/С-56945'),
 (5,'ЛТП-5','ул. Барыкина 118г','350/С-56931'),
 (6,'ЛТП-6','ул. Ильича 114а','350/С-56935'),
 (7,'ЛТП-7','ул. Космическая 7а','350/С-41282'),
 (8,'ЛТП-8','ул. Барыкина 256','350/С-56936'),
 (9,'ЛТП-9','ул. Победы 16б','350/С-56937'),
 (10,'ЛТП-10','ул. Жукова 34а','350/С-56943'),
 (11,'ЛТП-11','пр. Космонавтов 24а','350/С-56941'),
 (12,'ЛТП-12','ул. Крупская 106а','350/С-56939'),
 (13,'ЛТП-13','ул. Малайчука 11а','350/С-62736'),
 (14,'ЛТП-14','пр. Речицкий 41б','350/С-58625'),
 (15,'ЛТП-15','ул. Могилевская 7б','350/С-57685'),
 (16,'ЛТП-16','ул. Могилевская 18а','350/С-57684'),
 (17,'ЛТП-17','ул. Антошкина 3а','350/С-62745');
COMMIT;
